<?xml version = '1.0' encoding = 'UTF-8'?>
<Entity class="oracle.dbtools.crest.model.design.logical.Entity" directorySegmentName="seg_0" id="10520C48-B402-D87F-016E-307D4FCF4FF6" name="USUARIO">
<createdBy>david</createdBy>
<createdTime>2020-03-26 10:23:49 UTC</createdTime>
<ownerDesignName>DiagramaER_Old</ownerDesignName>
<engineerTo>
<item key="5DAF1666-3EAC-F592-A934-5C4115082D64" value="true"/>
</engineerTo>
<adequatelyNormalized>NO</adequatelyNormalized>
<expectedVolumes>0</expectedVolumes>
<fwdEngineeringStrategyName>Single Table</fwdEngineeringStrategyName>
<growthPercent>0</growthPercent>
<growthType>Year</growthType>
<maxVolumes>9999999</maxVolumes>
<minVolumes>0</minVolumes>
<normalForm>Third</normalForm>
<attributes itemClass="oracle.dbtools.crest.model.design.logical.Attribute">
<Attribute name="UID_usuario" id="7CD42FC0-7D12-0A86-270C-05209F6A8BA9">
<createdBy>david</createdBy>
<createdTime>2020-03-26 10:24:11 UTC</createdTime>
<ownerDesignName>DiagramaER_Old</ownerDesignName>
<engineerTo>
<item key="5DAF1666-3EAC-F592-A934-5C4115082D64" value="true"/>
</engineerTo>
<use>0</use>
<ownDataTypeParameters>,,</ownDataTypeParameters>
</Attribute>
<Attribute name="UserName" id="E4EAAACE-70F7-F3CF-EE81-AB68B73FF3F6">
<createdBy>david</createdBy>
<createdTime>2020-05-01 14:57:55 UTC</createdTime>
<ownerDesignName>DiagramaER_Old</ownerDesignName>
<engineerTo>
<item key="5DAF1666-3EAC-F592-A934-5C4115082D64" value="true"/>
</engineerTo>
<use>0</use>
<ownDataTypeParameters>,,</ownDataTypeParameters>
</Attribute>
<Attribute name="Email" id="D56FCF17-AF19-58CA-0F40-A0720816638E">
<createdBy>david</createdBy>
<createdTime>2020-05-01 14:51:53 UTC</createdTime>
<ownerDesignName>DiagramaER_Old</ownerDesignName>
<engineerTo>
<item key="5DAF1666-3EAC-F592-A934-5C4115082D64" value="true"/>
</engineerTo>
<use>0</use>
<ownDataTypeParameters>,,</ownDataTypeParameters>
</Attribute>
<Attribute name="Rol" id="4B96F37C-1AF8-B832-583C-D2892D518A0F">
<createdBy>david</createdBy>
<createdTime>2020-05-01 14:52:06 UTC</createdTime>
<ownerDesignName>DiagramaER_Old</ownerDesignName>
<engineerTo>
<item key="5DAF1666-3EAC-F592-A934-5C4115082D64" value="true"/>
</engineerTo>
<use>0</use>
<ownDataTypeParameters>,,</ownDataTypeParameters>
</Attribute>
<Attribute name="Nombre" id="AEA9A7F1-D6FE-20DE-A639-A670524B35AC">
<createdBy>david</createdBy>
<createdTime>2020-03-26 13:13:12 UTC</createdTime>
<ownerDesignName>DiagramaER_Old</ownerDesignName>
<engineerTo>
<item key="5DAF1666-3EAC-F592-A934-5C4115082D64" value="true"/>
</engineerTo>
<use>0</use>
<ownDataTypeParameters>,,</ownDataTypeParameters>
</Attribute>
<Attribute name="Apellido(s)" id="3497B95F-188F-85C6-20D2-4B84D06FD2C3">
<createdBy>david</createdBy>
<createdTime>2020-03-26 13:13:17 UTC</createdTime>
<ownerDesignName>DiagramaER_Old</ownerDesignName>
<engineerTo>
<item key="5DAF1666-3EAC-F592-A934-5C4115082D64" value="true"/>
</engineerTo>
<use>0</use>
<ownDataTypeParameters>,,</ownDataTypeParameters>
</Attribute>
<Attribute name="Contrasenia" id="964BC7B4-D561-C2CE-3AFD-F4DC86523A45">
<createdBy>david</createdBy>
<createdTime>2020-05-01 14:59:11 UTC</createdTime>
<ownerDesignName>DiagramaER_Old</ownerDesignName>
<engineerTo>
<item key="5DAF1666-3EAC-F592-A934-5C4115082D64" value="true"/>
</engineerTo>
<use>0</use>
<ownDataTypeParameters>,,</ownDataTypeParameters>
</Attribute>
</attributes>
<identifiers itemClass="oracle.dbtools.crest.model.design.logical.CandidateKey">
<identifier id="538B0DE4-4814-823B-CED5-81A81CC2E5C1" name="Usuario PK">
<createdBy>david</createdBy>
<createdTime>2020-03-26 10:24:25 UTC</createdTime>
<ownerDesignName>DiagramaER_Old</ownerDesignName>
<engineerTo>
<item key="5DAF1666-3EAC-F592-A934-5C4115082D64" value="true"/>
</engineerTo>
<pk>true</pk>
<usedAttributes>
<attributeRef>7CD42FC0-7D12-0A86-270C-05209F6A8BA9</attributeRef>
</usedAttributes>
</identifier>
<identifier id="728E19AE-4BD1-D3AD-3363-5E713752AC54" name="Key_2">
<createdBy>david</createdBy>
<createdTime>2020-05-01 14:57:04 UTC</createdTime>
<ownerDesignName>DiagramaER_Old</ownerDesignName>
<engineerTo>
<item key="5DAF1666-3EAC-F592-A934-5C4115082D64" value="true"/>
</engineerTo>
<newElementsIDs>D56FCF17-AF19-58CA-0F40-A0720816638E</newElementsIDs>
<usedAttributes>
<attributeRef>D56FCF17-AF19-58CA-0F40-A0720816638E</attributeRef>
</usedAttributes>
</identifier>
<identifier id="4174F1B6-EBA5-562D-2979-B2AB66AB39C6" name="Key_3">
<createdBy>david</createdBy>
<createdTime>2020-05-01 14:58:22 UTC</createdTime>
<ownerDesignName>DiagramaER_Old</ownerDesignName>
<engineerTo>
<item key="5DAF1666-3EAC-F592-A934-5C4115082D64" value="true"/>
</engineerTo>
<newElementsIDs>E4EAAACE-70F7-F3CF-EE81-AB68B73FF3F6</newElementsIDs>
<usedAttributes>
<attributeRef>E4EAAACE-70F7-F3CF-EE81-AB68B73FF3F6</attributeRef>
</usedAttributes>
</identifier>
</identifiers>
</Entity>