<?xml version = '1.0' encoding = 'UTF-8'?>
<Entity class="oracle.dbtools.crest.model.design.logical.Entity" directorySegmentName="seg_0" id="11EC30ED-9ACD-CC16-3600-441313D1DEF8" name="AFILIADO">
<createdBy>david</createdBy>
<createdTime>2020-03-26 12:53:11 UTC</createdTime>
<ownerDesignName>DiagramaER_Old</ownerDesignName>
<engineerTo>
<item key="5DAF1666-3EAC-F592-A934-5C4115082D64" value="true"/>
</engineerTo>
<adequatelyNormalized>NO</adequatelyNormalized>
<expectedVolumes>0</expectedVolumes>
<fwdEngineeringStrategyName>Single Table</fwdEngineeringStrategyName>
<growthPercent>0</growthPercent>
<growthType>Year</growthType>
<hierarchicalParent>10520C48-B402-D87F-016E-307D4FCF4FF6</hierarchicalParent>
<maxVolumes>9999999</maxVolumes>
<minVolumes>0</minVolumes>
<normalForm>Third</normalForm>
<attributes itemClass="oracle.dbtools.crest.model.design.logical.Attribute">
<Attribute name="DNI" id="398CEB80-356A-4290-BC7C-20E348371191">
<createdBy>david</createdBy>
<createdTime>2020-04-02 14:43:17 UTC</createdTime>
<ownerDesignName>DiagramaER_Old</ownerDesignName>
<engineerTo>
<item key="5DAF1666-3EAC-F592-A934-5C4115082D64" value="true"/>
</engineerTo>
<use>0</use>
<ownDataTypeParameters>,,</ownDataTypeParameters>
</Attribute>
<Attribute name="NumTelefono" id="31EB548D-35D6-6AED-9FBA-08A668B149C4">
<createdBy>david</createdBy>
<createdTime>2020-03-26 13:13:44 UTC</createdTime>
<ownerDesignName>DiagramaER_Old</ownerDesignName>
<engineerTo>
<item key="5DAF1666-3EAC-F592-A934-5C4115082D64" value="true"/>
</engineerTo>
<nullsAllowed>true</nullsAllowed>
<use>0</use>
<ownDataTypeParameters>,,</ownDataTypeParameters>
</Attribute>
</attributes>
<identifiers itemClass="oracle.dbtools.crest.model.design.logical.CandidateKey">
<identifier id="9F711509-1FD7-AD3C-1BB8-33584ACFE17E" name="Key_1">
<createdBy>david</createdBy>
<createdTime>2020-04-02 14:44:06 UTC</createdTime>
<ownerDesignName>DiagramaER_Old</ownerDesignName>
<engineerTo>
<item key="5DAF1666-3EAC-F592-A934-5C4115082D64" value="true"/>
</engineerTo>
<newElementsIDs>398CEB80-356A-4290-BC7C-20E348371191</newElementsIDs>
<usedAttributes>
<attributeRef>398CEB80-356A-4290-BC7C-20E348371191</attributeRef>
</usedAttributes>
</identifier>
<identifier id="A56A0FFD-52F5-67E7-D228-227EC6B33EC4" name="Key_2">
<createdBy>david</createdBy>
<createdTime>2020-04-02 18:39:35 UTC</createdTime>
<ownerDesignName>DiagramaER_Old</ownerDesignName>
<engineerTo>
<item key="5DAF1666-3EAC-F592-A934-5C4115082D64" value="true"/>
</engineerTo>
<newElementsIDs>31EB548D-35D6-6AED-9FBA-08A668B149C4</newElementsIDs>
<usedAttributes>
<attributeRef>31EB548D-35D6-6AED-9FBA-08A668B149C4</attributeRef>
</usedAttributes>
</identifier>
</identifiers>
</Entity>