<?xml version = '1.0' encoding = 'UTF-8'?>
<Entity class="oracle.dbtools.crest.model.design.logical.Entity" directorySegmentName="seg_0" id="3F206C89-D041-FC05-9F82-B34547E31193" name="CURSO">
<createdBy>Fran Navarro</createdBy>
<createdTime>2020-03-26 12:26:17 UTC</createdTime>
<ownerDesignName>modelo</ownerDesignName>
<engineerTo>
<item key="5DAF1666-3EAC-F592-A934-5C4115082D64" value="true"/>
</engineerTo>
<adequatelyNormalized>NO</adequatelyNormalized>
<expectedVolumes>0</expectedVolumes>
<fwdEngineeringStrategyName>Single Table</fwdEngineeringStrategyName>
<growthPercent>0</growthPercent>
<growthType>Year</growthType>
<maxVolumes>9999999</maxVolumes>
<minVolumes>0</minVolumes>
<normalForm>Third</normalForm>
<attributes itemClass="oracle.dbtools.crest.model.design.logical.Attribute">
<Attribute name="Id_Curso" id="622FF463-4101-B64F-8102-39A6810916CA">
<createdBy>Fran Navarro</createdBy>
<createdTime>2020-03-26 12:26:27 UTC</createdTime>
<ownerDesignName>modelo</ownerDesignName>
<engineerTo>
<item key="5DAF1666-3EAC-F592-A934-5C4115082D64" value="true"/>
</engineerTo>
<useDomainConstraints>false</useDomainConstraints>
<use>1</use>
<logicalDatatype>LOGDT011</logicalDatatype>
<ownDataTypeParameters>,,</ownDataTypeParameters>
</Attribute>
<Attribute name="Nombre_Titulacion" id="1B00A3EF-81AC-BA6E-888A-EE9D1F65B9C5">
<createdBy>Fran Navarro</createdBy>
<createdTime>2020-03-26 12:26:55 UTC</createdTime>
<ownerDesignName>modelo</ownerDesignName>
<engineerTo>
<item key="5DAF1666-3EAC-F592-A934-5C4115082D64" value="true"/>
</engineerTo>
<useDomainConstraints>false</useDomainConstraints>
<use>1</use>
<logicalDatatype>LOGDT024</logicalDatatype>
<ownDataTypeParameters>,,</ownDataTypeParameters>
</Attribute>
<Attribute name="Curso" id="E08537A0-C5B9-55D9-CDFB-A9E2195868A6">
<createdBy>Fran Navarro</createdBy>
<createdTime>2020-03-26 12:27:19 UTC</createdTime>
<comment>Nada -&gt; carrera terminada&lt;br/&gt;Numero -&gt; curso actual</comment>
<ownerDesignName>modelo</ownerDesignName>
<engineerTo>
<item key="5DAF1666-3EAC-F592-A934-5C4115082D64" value="true"/>
</engineerTo>
<nullsAllowed>true</nullsAllowed>
<useDomainConstraints>false</useDomainConstraints>
<use>1</use>
<logicalDatatype>LOGDT024</logicalDatatype>
<ownDataTypeParameters>,,</ownDataTypeParameters>
</Attribute>
</attributes>
<identifiers itemClass="oracle.dbtools.crest.model.design.logical.CandidateKey">
<identifier id="2C32DC3F-D9DF-4080-7D4C-3341805567CD" name="CURSO PK">
<createdBy>Fran Navarro</createdBy>
<createdTime>2020-03-26 12:26:48 UTC</createdTime>
<ownerDesignName>modelo</ownerDesignName>
<engineerTo>
<item key="5DAF1666-3EAC-F592-A934-5C4115082D64" value="true"/>
</engineerTo>
<pk>true</pk>
<usedAttributes>
<attributeRef>622FF463-4101-B64F-8102-39A6810916CA</attributeRef>
</usedAttributes>
</identifier>
</identifiers>
</Entity>