<?xml version = '1.0' encoding = 'UTF-8'?>
<Entity class="oracle.dbtools.crest.model.design.logical.Entity" directorySegmentName="seg_0" id="49FECA42-1BFA-92AF-EF7A-D4BDF8E53651" name="AMBITO">
<createdBy>Fran Navarro</createdBy>
<createdTime>2020-04-02 17:15:08 UTC</createdTime>
<ownerDesignName>DiagramaER_Old</ownerDesignName>
<engineerTo>
<item key="5DAF1666-3EAC-F592-A934-5C4115082D64" value="true"/>
</engineerTo>
<adequatelyNormalized>NO</adequatelyNormalized>
<expectedVolumes>0</expectedVolumes>
<fwdEngineeringStrategyName>Single Table</fwdEngineeringStrategyName>
<growthPercent>0</growthPercent>
<growthType>Year</growthType>
<maxVolumes>9999999</maxVolumes>
<minVolumes>0</minVolumes>
<normalForm>Third</normalForm>
<attributes itemClass="oracle.dbtools.crest.model.design.logical.Attribute">
<Attribute name="UID_Ambito" id="AC031CBE-9104-8E60-94E3-04A2D45836B3">
<createdBy>Fran Navarro</createdBy>
<createdTime>2020-04-02 17:15:23 UTC</createdTime>
<ownerDesignName>DiagramaER_Old</ownerDesignName>
<engineerTo>
<item key="5DAF1666-3EAC-F592-A934-5C4115082D64" value="true"/>
</engineerTo>
<useDomainConstraints>false</useDomainConstraints>
<use>1</use>
<logicalDatatype>LOGDT011</logicalDatatype>
<ownDataTypeParameters>,,</ownDataTypeParameters>
</Attribute>
<Attribute name="Nombre" id="7DB44837-D0B0-3A0D-29A5-32F098F50850">
<createdBy>Fran Navarro</createdBy>
<createdTime>2020-04-02 17:15:38 UTC</createdTime>
<ownerDesignName>DiagramaER_Old</ownerDesignName>
<engineerTo>
<item key="5DAF1666-3EAC-F592-A934-5C4115082D64" value="true"/>
</engineerTo>
<useDomainConstraints>false</useDomainConstraints>
<use>1</use>
<logicalDatatype>A3A3C77D-0366-9768-FF89-1C25E56881C8</logicalDatatype>
<ownDataTypeParameters>,,</ownDataTypeParameters>
</Attribute>
</attributes>
<identifiers itemClass="oracle.dbtools.crest.model.design.logical.CandidateKey">
<identifier id="F7772319-9423-6E44-E09C-B1F432255F5F" name="ÁMBITO PK">
<createdBy>Fran Navarro</createdBy>
<createdTime>2020-04-02 17:15:48 UTC</createdTime>
<ownerDesignName>DiagramaER_Old</ownerDesignName>
<engineerTo>
<item key="5DAF1666-3EAC-F592-A934-5C4115082D64" value="true"/>
</engineerTo>
<pk>true</pk>
<usedAttributes>
<attributeRef>AC031CBE-9104-8E60-94E3-04A2D45836B3</attributeRef>
</usedAttributes>
</identifier>
</identifiers>
</Entity>