<?xml version = '1.0' encoding = 'UTF-8'?>
<Entity class="oracle.dbtools.crest.model.design.logical.Entity" directorySegmentName="seg_0" id="E6666CDD-A8C9-7920-B3EE-A94134D21CAC" name="RESPONSABLE">
<createdBy>david</createdBy>
<createdTime>2020-03-26 10:51:59 UTC</createdTime>
<ownerDesignName>modelo</ownerDesignName>
<engineerTo>
<item key="5DAF1666-3EAC-F592-A934-5C4115082D64" value="true"/>
</engineerTo>
<adequatelyNormalized>NO</adequatelyNormalized>
<expectedVolumes>0</expectedVolumes>
<fwdEngineeringStrategyName>Single Table</fwdEngineeringStrategyName>
<growthPercent>0</growthPercent>
<growthType>Year</growthType>
<hierarchicalParent>10520C48-B402-D87F-016E-307D4FCF4FF6</hierarchicalParent>
<maxVolumes>9999999</maxVolumes>
<minVolumes>0</minVolumes>
<normalForm>Third</normalForm>
<attributes itemClass="oracle.dbtools.crest.model.design.logical.Attribute">
<Attribute name="DNI" id="A038409D-5DD9-2CC7-4905-4270E40760DF">
<createdBy>david</createdBy>
<createdTime>2020-04-02 14:41:50 UTC</createdTime>
<ownerDesignName>modelo</ownerDesignName>
<engineerTo>
<item key="5DAF1666-3EAC-F592-A934-5C4115082D64" value="true"/>
</engineerTo>
<use>0</use>
<ownDataTypeParameters>,,</ownDataTypeParameters>
</Attribute>
<Attribute name="Descripcion" id="295FB920-E427-267E-D870-B9CD1C594DF6">
<createdBy>david</createdBy>
<createdTime>2020-04-02 14:42:37 UTC</createdTime>
<ownerDesignName>modelo</ownerDesignName>
<engineerTo>
<item key="5DAF1666-3EAC-F592-A934-5C4115082D64" value="true"/>
</engineerTo>
<nullsAllowed>true</nullsAllowed>
<use>0</use>
<ownDataTypeParameters>,,</ownDataTypeParameters>
</Attribute>
</attributes>
<identifiers itemClass="oracle.dbtools.crest.model.design.logical.CandidateKey">
<identifier id="F77F3BD5-9611-DE02-B323-57D5D7D39F9C" name="Key_1">
<createdBy>david</createdBy>
<createdTime>2020-04-02 14:43:37 UTC</createdTime>
<ownerDesignName>modelo</ownerDesignName>
<engineerTo>
<item key="5DAF1666-3EAC-F592-A934-5C4115082D64" value="true"/>
</engineerTo>
<newElementsIDs>A038409D-5DD9-2CC7-4905-4270E40760DF</newElementsIDs>
<usedAttributes>
<attributeRef>A038409D-5DD9-2CC7-4905-4270E40760DF</attributeRef>
</usedAttributes>
</identifier>
</identifiers>
</Entity>