<?xml version = '1.0' encoding = 'UTF-8'?>
<Entity class="oracle.dbtools.crest.model.design.logical.Entity" directorySegmentName="seg_0" id="F380A89B-3894-6D59-8F36-C974FEE6AE33" name="ACTIVIDAD">
<createdBy>david</createdBy>
<createdTime>2020-03-26 10:29:00 UTC</createdTime>
<ownerDesignName>DiagramaER_Old</ownerDesignName>
<engineerTo>
<item key="5DAF1666-3EAC-F592-A934-5C4115082D64" value="true"/>
</engineerTo>
<adequatelyNormalized>NO</adequatelyNormalized>
<expectedVolumes>0</expectedVolumes>
<fwdEngineeringStrategyName>Single Table</fwdEngineeringStrategyName>
<growthPercent>0</growthPercent>
<growthType>Year</growthType>
<maxVolumes>9999999</maxVolumes>
<minVolumes>0</minVolumes>
<normalForm>Third</normalForm>
<attributes itemClass="oracle.dbtools.crest.model.design.logical.Attribute">
<Attribute name="UID_Actividad" id="94BD6CC9-D971-0B12-69D0-EC23AEEF3CB7">
<createdBy>david</createdBy>
<createdTime>2020-03-26 10:29:11 UTC</createdTime>
<ownerDesignName>DiagramaER_Old</ownerDesignName>
<engineerTo>
<item key="5DAF1666-3EAC-F592-A934-5C4115082D64" value="true"/>
</engineerTo>
<use>0</use>
<ownDataTypeParameters>,,</ownDataTypeParameters>
</Attribute>
<Attribute name="Nombre" id="839CB95B-AA6A-F6EC-2DB4-8D7ADE450FB9">
<createdBy>david</createdBy>
<createdTime>2020-03-26 10:29:34 UTC</createdTime>
<ownerDesignName>DiagramaER_Old</ownerDesignName>
<engineerTo>
<item key="5DAF1666-3EAC-F592-A934-5C4115082D64" value="true"/>
</engineerTo>
<use>0</use>
<ownDataTypeParameters>,,</ownDataTypeParameters>
</Attribute>
<Attribute name="Tipo" id="7616A26C-34BB-9062-0B2E-870E6F80ACBD">
<createdBy>david</createdBy>
<createdTime>2020-03-26 12:57:59 UTC</createdTime>
<ownerDesignName>DiagramaER_Old</ownerDesignName>
<engineerTo>
<item key="5DAF1666-3EAC-F592-A934-5C4115082D64" value="true"/>
</engineerTo>
<use>0</use>
<ownDataTypeParameters>,,</ownDataTypeParameters>
</Attribute>
<Attribute name="Estado" id="786E6376-793B-B674-AA9E-9393009216A1">
<createdBy>david</createdBy>
<createdTime>2020-03-26 12:58:10 UTC</createdTime>
<ownerDesignName>DiagramaER_Old</ownerDesignName>
<engineerTo>
<item key="5DAF1666-3EAC-F592-A934-5C4115082D64" value="true"/>
</engineerTo>
<use>0</use>
<ownDataTypeParameters>,,</ownDataTypeParameters>
</Attribute>
<Attribute name="FechaInicio" id="60639016-E953-AA78-4355-64EF4FF5577B">
<createdBy>david</createdBy>
<createdTime>2020-03-26 12:58:25 UTC</createdTime>
<ownerDesignName>DiagramaER_Old</ownerDesignName>
<engineerTo>
<item key="5DAF1666-3EAC-F592-A934-5C4115082D64" value="true"/>
</engineerTo>
<nullsAllowed>true</nullsAllowed>
<use>0</use>
<ownDataTypeParameters>,,</ownDataTypeParameters>
</Attribute>
<Attribute name="FechaFin" id="CE4A0743-835F-7F40-F8DF-51AA87943361">
<createdBy>david</createdBy>
<createdTime>2020-03-26 12:58:42 UTC</createdTime>
<ownerDesignName>DiagramaER_Old</ownerDesignName>
<engineerTo>
<item key="5DAF1666-3EAC-F592-A934-5C4115082D64" value="true"/>
</engineerTo>
<nullsAllowed>true</nullsAllowed>
<use>0</use>
<ownDataTypeParameters>,,</ownDataTypeParameters>
</Attribute>
<Attribute name="Descripcion" id="41CDA7E4-D820-798E-1ACF-CE84E8F62CF4">
<createdBy>david</createdBy>
<createdTime>2020-03-26 10:29:50 UTC</createdTime>
<ownerDesignName>DiagramaER_Old</ownerDesignName>
<engineerTo>
<item key="5DAF1666-3EAC-F592-A934-5C4115082D64" value="true"/>
</engineerTo>
<nullsAllowed>true</nullsAllowed>
<use>0</use>
<ownDataTypeParameters>,,</ownDataTypeParameters>
</Attribute>
<Attribute name="UID_usuario" id="5E78510B-6C42-2D07-2B43-B3BCA2DB70E3">
<createdBy>david</createdBy>
<createdTime>2020-03-26 11:09:01 UTC</createdTime>
<generatorID>88FDE4C4-1F17-A2B4-D2EC-9690BE479690</generatorID>
<ownerDesignName>DiagramaER_Old</ownerDesignName>
<engineerTo>
<item key="5DAF1666-3EAC-F592-A934-5C4115082D64" value="true"/>
</engineerTo>
<referedAttribute>7CD42FC0-7D12-0A86-270C-05209F6A8BA9</referedAttribute>
<use>0</use>
<ownDataTypeParameters>,,</ownDataTypeParameters>
</Attribute>
<Attribute name="UID_usuario1" id="EC13EDE9-CDA9-D308-BFBB-1838864CF08F">
<createdBy>david</createdBy>
<createdTime>2020-03-26 11:09:12 UTC</createdTime>
<generatorID>67DB48A3-3575-3453-CBD8-0A5865C4D9DF</generatorID>
<ownerDesignName>DiagramaER_Old</ownerDesignName>
<engineerTo>
<item key="5DAF1666-3EAC-F592-A934-5C4115082D64" value="true"/>
</engineerTo>
<referedAttribute>7CD42FC0-7D12-0A86-270C-05209F6A8BA9</referedAttribute>
<use>0</use>
<ownDataTypeParameters>,,</ownDataTypeParameters>
</Attribute>
<Attribute name="NIF1" id="812F42D8-8900-9068-F5FA-D2C781A4E073">
<createdBy>Fran Navarro</createdBy>
<createdTime>2020-03-26 12:24:57 UTC</createdTime>
<generatorID>67DB48A3-3575-3453-CBD8-0A5865C4D9DF</generatorID>
<ownerDesignName>DiagramaER_Old</ownerDesignName>
<engineerTo>
<item key="5DAF1666-3EAC-F592-A934-5C4115082D64" value="true"/>
</engineerTo>
<referedAttribute>B6C9C1DA-2538-89A4-EA7C-B7F25C117137</referedAttribute>
<use>0</use>
<ownDataTypeParameters>,,</ownDataTypeParameters>
</Attribute>
<Attribute name="UID_usuario2" id="A6A5608C-4729-2A8C-58B2-2B646AED7CC8">
<createdBy>david</createdBy>
<createdTime>2020-04-02 18:36:45 UTC</createdTime>
<generatorID>2F7DE434-9BF6-CBF8-19C6-728AB0AAADA1</generatorID>
<ownerDesignName>DiagramaER_Old</ownerDesignName>
<engineerTo>
<item key="5DAF1666-3EAC-F592-A934-5C4115082D64" value="true"/>
</engineerTo>
<referedAttribute>7CD42FC0-7D12-0A86-270C-05209F6A8BA9</referedAttribute>
<use>0</use>
<ownDataTypeParameters>,,</ownDataTypeParameters>
</Attribute>
<Attribute name="NumParticipantes" id="61A3C006-2853-E743-A799-50943A55420D">
<createdBy>david</createdBy>
<createdTime>2020-04-02 18:41:06 UTC</createdTime>
<ownerDesignName>DiagramaER_Old</ownerDesignName>
<engineerTo>
<item key="5DAF1666-3EAC-F592-A934-5C4115082D64" value="true"/>
</engineerTo>
<nullsAllowed>true</nullsAllowed>
<use>0</use>
<ownDataTypeParameters>,,</ownDataTypeParameters>
</Attribute>
<Attribute name="Lugar" id="5AD8DF52-E212-BD96-3C42-157156E19B6A">
<createdBy>david</createdBy>
<createdTime>2020-04-02 18:42:10 UTC</createdTime>
<ownerDesignName>DiagramaER_Old</ownerDesignName>
<engineerTo>
<item key="5DAF1666-3EAC-F592-A934-5C4115082D64" value="true"/>
</engineerTo>
<nullsAllowed>true</nullsAllowed>
<use>0</use>
<ownDataTypeParameters>,,</ownDataTypeParameters>
</Attribute>
</attributes>
<identifiers itemClass="oracle.dbtools.crest.model.design.logical.CandidateKey">
<identifier id="2E83F516-4F48-968D-68A2-0CFA18EF5D04" name="Actividad PK">
<createdBy>david</createdBy>
<createdTime>2020-03-26 10:30:12 UTC</createdTime>
<ownerDesignName>DiagramaER_Old</ownerDesignName>
<engineerTo>
<item key="5DAF1666-3EAC-F592-A934-5C4115082D64" value="true"/>
</engineerTo>
<pk>true</pk>
<usedAttributes>
<attributeRef>94BD6CC9-D971-0B12-69D0-EC23AEEF3CB7</attributeRef>
</usedAttributes>
</identifier>
</identifiers>
</Entity>