<?xml version = '1.0' encoding = 'UTF-8'?>
<Diagram class="oracle.dbtools.crest.swingui.logical.DPVLogical" name="Logical" id="D4245F70-13D7-996D-40B9-8B151D71AAEC">
<createdBy>david</createdBy>
<modifiedBy>david</modifiedBy>
<createdTime>2020-03-26 10:23:49 UTC</createdTime>
<autoRoute>false</autoRoute>
<boxInbox>true</boxInbox>
<showLegend>false</showLegend>
<showLabels>true</showLabels>
<showRelAttributes>false</showRelAttributes>
<gridEnabled>false</gridEnabled>
<showGrid>false</showGrid>
<diagramColor>-1</diagramColor>
<display>false</display>
<notation>1</notation>
<objectViews>
<OView class="oracle.dbtools.crest.swingui.logical.TVEntity" oid="10520C48-B402-D87F-016E-307D4FCF4FF6" otype="Entity" vid="EF63456D-7DD1-4FAA-3816-1625EF8DB424">
<hideElementsInCurrentOnly>false</hideElementsInCurrentOnly>
<bounds x="671" y="94" width="497" height="147"/>
</OView>
<OView class="oracle.dbtools.crest.swingui.logical.TVEntity" oid="11EC30ED-9ACD-CC16-3600-441313D1DEF8" otype="Entity" vid="A45B6C32-EC0C-3674-DC59-AA36503F94C7">
<hideElementsInCurrentOnly>false</hideElementsInCurrentOnly>
<bounds x="988" y="179" width="170" height="52"/>
</OView>
<OView class="oracle.dbtools.crest.swingui.logical.TVEntity" oid="3F206C89-D041-FC05-9F82-B34547E31193" otype="Entity" vid="6CCA8703-F9AB-CD28-084B-4625F682B4AB">
<hideElementsInCurrentOnly>false</hideElementsInCurrentOnly>
<bounds x="232" y="213" width="134" height="74"/>
</OView>
<OView class="oracle.dbtools.crest.swingui.logical.TVEntity" oid="49FECA42-1BFA-92AF-EF7A-D4BDF8E53651" otype="Entity" vid="5F908142-3F2A-D628-A760-D8EDD2B1978C">
<hideElementsInCurrentOnly>false</hideElementsInCurrentOnly>
<bounds x="400" y="197" width="170" height="110"/>
</OView>
<OView class="oracle.dbtools.crest.swingui.logical.TVEntity" oid="D09A45E6-98E9-A0F0-C35E-447C7E915AB3" otype="Entity" vid="B6281028-843E-D174-5FD8-10F5397674A2">
<hideElementsInCurrentOnly>false</hideElementsInCurrentOnly>
<bounds x="1267" y="150" width="97" height="82"/>
</OView>
<OView class="oracle.dbtools.crest.swingui.logical.TVEntity" oid="E6666CDD-A8C9-7920-B3EE-A94134D21CAC" otype="Entity" vid="563919F0-69A2-57FC-DBCB-5C97D23256C4">
<hideElementsInCurrentOnly>false</hideElementsInCurrentOnly>
<bounds x="784" y="177" width="138" height="53"/>
</OView>
<OView class="oracle.dbtools.crest.swingui.logical.TVEntity" oid="F380A89B-3894-6D59-8F36-C974FEE6AE33" otype="Entity" vid="14976076-CEF7-09AF-2B1D-429817AA16BE">
<hideElementsInCurrentOnly>false</hideElementsInCurrentOnly>
<bounds x="640" y="314" width="544" height="158"/>
</OView>
</objectViews>
<connectors>
<Connector class="oracle.dbtools.crest.swingui.logical.TVRelation" oid="2F7DE434-9BF6-CBF8-19C6-728AB0AAADA1" otype="Relation" vid_source="A45B6C32-EC0C-3674-DC59-AA36503F94C7" vid_target="14976076-CEF7-09AF-2B1D-429817AA16BE">
<hideElementsInCurrentOnly>false</hideElementsInCurrentOnly>
<backgroundColor>-16777216</backgroundColor>
<lineWidth>1</lineWidth>
<sourceLabel class="oracle.dbtools.crest.model.design.Label">
<site>0</site>
<labelBounds x="1088" y="273" width="55" height="28"/>
<noBackgroundColor>true</noBackgroundColor>
<noForegroundColor>true</noForegroundColor>
</sourceLabel>
<targetLabel class="oracle.dbtools.crest.model.design.Label">
<site>2</site>
<labelBounds x="1088" y="229" width="76" height="31"/>
<noBackgroundColor>true</noBackgroundColor>
<noForegroundColor>true</noForegroundColor>
</targetLabel>
<points>
<point x="1088" y="231"/>
<point x="1088" y="314"/>
</points>
</Connector>
<Connector class="oracle.dbtools.crest.swingui.logical.TVRelation" oid="3EB1F737-0082-6A40-D828-023539E8415E" otype="Relation" vid_source="5F908142-3F2A-D628-A760-D8EDD2B1978C" vid_target="EF63456D-7DD1-4FAA-3816-1625EF8DB424">
<hideElementsInCurrentOnly>false</hideElementsInCurrentOnly>
<backgroundColor>-16777216</backgroundColor>
<lineWidth>1</lineWidth>
<sourceLabel class="oracle.dbtools.crest.model.design.Label">
<site>0</site>
<labelBounds x="455" y="161" width="74" height="30"/>
<noBackgroundColor>true</noBackgroundColor>
<noForegroundColor>true</noForegroundColor>
</sourceLabel>
<targetLabel class="oracle.dbtools.crest.model.design.Label">
<site>2</site>
<labelBounds x="550" y="141" width="115" height="32"/>
<noBackgroundColor>true</noBackgroundColor>
<noForegroundColor>true</noForegroundColor>
</targetLabel>
<points>
<point x="455" y="197"/>
<point x="455" y="138"/>
<point x="671" y="138"/>
</points>
</Connector>
<Connector class="oracle.dbtools.crest.swingui.logical.TVRelation" oid="67DB48A3-3575-3453-CBD8-0A5865C4D9DF" otype="Relation" vid_source="14976076-CEF7-09AF-2B1D-429817AA16BE" vid_target="B6281028-843E-D174-5FD8-10F5397674A2">
<hideElementsInCurrentOnly>false</hideElementsInCurrentOnly>
<backgroundColor>-16777216</backgroundColor>
<lineWidth>1</lineWidth>
<sourceLabel class="oracle.dbtools.crest.model.design.Label">
<site>0</site>
<labelBounds x="1194" y="367" width="91" height="30"/>
<noBackgroundColor>true</noBackgroundColor>
<noForegroundColor>true</noForegroundColor>
</sourceLabel>
<targetLabel class="oracle.dbtools.crest.model.design.Label">
<site>2</site>
<labelBounds x="1324" y="268" width="58" height="30"/>
<noBackgroundColor>true</noBackgroundColor>
<noForegroundColor>true</noForegroundColor>
</targetLabel>
<points>
<point x="1184" y="397"/>
<point x="1324" y="397"/>
<point x="1324" y="232"/>
</points>
</Connector>
<Connector class="oracle.dbtools.crest.swingui.logical.TVInheritanceRelation" oid="71736DA4-B45F-4143-5906-073902418DA5" otype="Hierarchy relation" vid_source="EF63456D-7DD1-4FAA-3816-1625EF8DB424" vid_target="A45B6C32-EC0C-3674-DC59-AA36503F94C7">
<hideElementsInCurrentOnly>false</hideElementsInCurrentOnly>
<backgroundColor>-65536</backgroundColor>
<lineWidth>1</lineWidth>
</Connector>
<Connector class="oracle.dbtools.crest.swingui.logical.TVRelation" oid="75809537-5B7E-FA47-BB11-E4D416F959C2" otype="Relation" vid_source="EF63456D-7DD1-4FAA-3816-1625EF8DB424" vid_target="14976076-CEF7-09AF-2B1D-429817AA16BE">
<hideElementsInCurrentOnly>false</hideElementsInCurrentOnly>
<backgroundColor>-16777216</backgroundColor>
<lineWidth>1</lineWidth>
<sourceLabel class="oracle.dbtools.crest.model.design.Label">
<site>0</site>
<labelBounds x="700" y="264" width="73" height="17"/>
<noBackgroundColor>true</noBackgroundColor>
<noForegroundColor>true</noForegroundColor>
</sourceLabel>
<targetLabel class="oracle.dbtools.crest.model.design.Label">
<site>2</site>
<labelBounds x="699" y="292" width="133" height="16"/>
<noBackgroundColor>true</noBackgroundColor>
<noForegroundColor>true</noForegroundColor>
</targetLabel>
<points>
<point x="700" y="241"/>
<point x="699" y="314"/>
</points>
</Connector>
<Connector class="oracle.dbtools.crest.swingui.logical.TVRelation" oid="88FDE4C4-1F17-A2B4-D2EC-9690BE479690" otype="Relation" vid_source="14976076-CEF7-09AF-2B1D-429817AA16BE" vid_target="563919F0-69A2-57FC-DBCB-5C97D23256C4">
<hideElementsInCurrentOnly>false</hideElementsInCurrentOnly>
<backgroundColor>-16777216</backgroundColor>
<lineWidth>1</lineWidth>
<sourceLabel class="oracle.dbtools.crest.model.design.Label">
<site>0</site>
<labelBounds x="829" y="278" width="76" height="30"/>
<noBackgroundColor>true</noBackgroundColor>
<noForegroundColor>true</noForegroundColor>
</sourceLabel>
<targetLabel class="oracle.dbtools.crest.model.design.Label">
<site>2</site>
<labelBounds x="828" y="266" width="43" height="30"/>
<noBackgroundColor>true</noBackgroundColor>
<noForegroundColor>true</noForegroundColor>
</targetLabel>
<points>
<point x="829" y="314"/>
<point x="828" y="230"/>
</points>
</Connector>
<Connector class="oracle.dbtools.crest.swingui.logical.TVRelation" oid="A5841C81-60F6-E33C-52AE-237C0D6084F2" otype="Relation" vid_source="6CCA8703-F9AB-CD28-084B-4625F682B4AB" vid_target="14976076-CEF7-09AF-2B1D-429817AA16BE">
<hideElementsInCurrentOnly>false</hideElementsInCurrentOnly>
<backgroundColor>-16777216</backgroundColor>
<lineWidth>1</lineWidth>
<sourceLabel class="oracle.dbtools.crest.model.design.Label">
<site>0</site>
<labelBounds x="300" y="314" width="74" height="21"/>
<noBackgroundColor>true</noBackgroundColor>
<noForegroundColor>true</noForegroundColor>
</sourceLabel>
<targetLabel class="oracle.dbtools.crest.model.design.Label">
<site>2</site>
<labelBounds x="576" y="453" width="58" height="30"/>
<noBackgroundColor>true</noBackgroundColor>
<noForegroundColor>true</noForegroundColor>
</targetLabel>
<points>
<point x="300" y="287"/>
<point x="300" y="450"/>
<point x="640" y="450"/>
</points>
</Connector>
<Connector class="oracle.dbtools.crest.swingui.logical.TVRelation" oid="ACFC1F16-6B94-93BC-6551-19B39B16D908" otype="Relation" vid_source="5F908142-3F2A-D628-A760-D8EDD2B1978C" vid_target="14976076-CEF7-09AF-2B1D-429817AA16BE">
<hideElementsInCurrentOnly>false</hideElementsInCurrentOnly>
<backgroundColor>-16777216</backgroundColor>
<lineWidth>1</lineWidth>
<sourceLabel class="oracle.dbtools.crest.model.design.Label">
<site>0</site>
<labelBounds x="506" y="351" width="74" height="30"/>
<noBackgroundColor>true</noBackgroundColor>
<noForegroundColor>true</noForegroundColor>
</sourceLabel>
<targetLabel class="oracle.dbtools.crest.model.design.Label">
<site>2</site>
<labelBounds x="576" y="392" width="58" height="30"/>
<noBackgroundColor>true</noBackgroundColor>
<noForegroundColor>true</noForegroundColor>
</targetLabel>
<points>
<point x="506" y="307"/>
<point x="506" y="389"/>
<point x="640" y="389"/>
</points>
</Connector>
<Connector class="oracle.dbtools.crest.swingui.logical.TVRelation" oid="CFAE623D-482A-4C47-AE97-CDA99D5BDCD4" otype="Relation" vid_source="EF63456D-7DD1-4FAA-3816-1625EF8DB424" vid_target="6CCA8703-F9AB-CD28-084B-4625F682B4AB">
<hideElementsInCurrentOnly>false</hideElementsInCurrentOnly>
<backgroundColor>-16777216</backgroundColor>
<lineWidth>1</lineWidth>
<sourceLabel class="oracle.dbtools.crest.model.design.Label">
<site>0</site>
<labelBounds x="615" y="73" width="50" height="30"/>
<noBackgroundColor>true</noBackgroundColor>
<noForegroundColor>true</noForegroundColor>
</sourceLabel>
<targetLabel class="oracle.dbtools.crest.model.design.Label">
<site>2</site>
<labelBounds x="291" y="169" width="80" height="30"/>
<noBackgroundColor>true</noBackgroundColor>
<noForegroundColor>true</noForegroundColor>
</targetLabel>
<points>
<point x="671" y="103"/>
<point x="291" y="103"/>
<point x="291" y="213"/>
</points>
</Connector>
<Connector class="oracle.dbtools.crest.swingui.logical.TVRelation" oid="E6B15E3A-BAD5-AD10-629E-C6F639575862" otype="Relation" vid_source="A45B6C32-EC0C-3674-DC59-AA36503F94C7" vid_target="B6281028-843E-D174-5FD8-10F5397674A2">
<hideElementsInCurrentOnly>false</hideElementsInCurrentOnly>
<backgroundColor>-16777216</backgroundColor>
<lineWidth>1</lineWidth>
<sourceLabel class="oracle.dbtools.crest.model.design.Label">
<site>0</site>
<labelBounds x="1168" y="175" width="67" height="30"/>
<noBackgroundColor>true</noBackgroundColor>
<noForegroundColor>true</noForegroundColor>
</sourceLabel>
<targetLabel class="oracle.dbtools.crest.model.design.Label">
<site>2</site>
<labelBounds x="1170" y="208" width="91" height="30"/>
<noBackgroundColor>true</noBackgroundColor>
<noForegroundColor>true</noForegroundColor>
</targetLabel>
<points>
<point x="1158" y="205"/>
<point x="1267" y="205"/>
</points>
</Connector>
<Connector class="oracle.dbtools.crest.swingui.logical.TVInheritanceRelation" oid="FC641CAA-3D1A-214E-8EBC-FC33AD0F1F6F" otype="Hierarchy relation" vid_source="EF63456D-7DD1-4FAA-3816-1625EF8DB424" vid_target="563919F0-69A2-57FC-DBCB-5C97D23256C4">
<hideElementsInCurrentOnly>false</hideElementsInCurrentOnly>
<backgroundColor>-65536</backgroundColor>
<lineWidth>1</lineWidth>
</Connector>
</connectors>
</Diagram>