<?xml version = '1.0' encoding = 'UTF-8'?>
<Relation class="oracle.dbtools.crest.model.design.logical.Relation" name="Relation_11" directorySegmentName="seg_0" id="2F7DE434-9BF6-CBF8-19C6-728AB0AAADA1">
<createdBy>Fran Navarro</createdBy>
<createdTime>2020-03-26 12:33:52 UTC</createdTime>
<ownerDesignName>DiagramaER_Old</ownerDesignName>
<engineerTo>
<item key="5DAF1666-3EAC-F592-A934-5C4115082D64" value="true"/>
</engineerTo>
<sourcePk>538B0DE4-4814-823B-CED5-81A81CC2E5C1</sourcePk>
<identifying>false</identifying>
<nameOnSource>Propone</nameOnSource>
<nameOnTarget>Es propuesta</nameOnTarget>
<optionalSource>true</optionalSource>
<optionalTarget>false</optionalTarget>
<sourceCardinality>1</sourceCardinality>
<sourceEntity>11EC30ED-9ACD-CC16-3600-441313D1DEF8</sourceEntity>
<targetCardinalityString>*</targetCardinalityString>
<targetEntity>F380A89B-3894-6D59-8F36-C974FEE6AE33</targetEntity>
<transferable>true</transferable>
<deleteRule>NO ACTION</deleteRule>
</Relation>