<?xml version = '1.0' encoding = 'UTF-8'?>
<Relation class="oracle.dbtools.crest.model.design.logical.Relation" name="Relation_10" directorySegmentName="seg_0" id="3EB1F737-0082-6A40-D828-023539E8415E">
<createdBy>Fran Navarro</createdBy>
<createdTime>2020-04-02 17:18:34 UTC</createdTime>
<ownerDesignName>modelo</ownerDesignName>
<engineerTo>
<item key="5DAF1666-3EAC-F592-A934-5C4115082D64" value="true"/>
</engineerTo>
<identifying>false</identifying>
<nameOnSource>Es conocido</nameOnSource>
<nameOnTarget>Tiene conocimientos</nameOnTarget>
<optionalSource>true</optionalSource>
<optionalTarget>true</optionalTarget>
<sourceCardinality>*</sourceCardinality>
<sourceEntity>49FECA42-1BFA-92AF-EF7A-D4BDF8E53651</sourceEntity>
<targetCardinalityString>*</targetCardinalityString>
<targetEntity>10520C48-B402-D87F-016E-307D4FCF4FF6</targetEntity>
<transferable>true</transferable>
<deleteRule>NO ACTION</deleteRule>
</Relation>