<?xml version = '1.0' encoding = 'UTF-8'?>
<Relation class="oracle.dbtools.crest.model.design.logical.Relation" name="Relation_3" directorySegmentName="seg_0" id="67DB48A3-3575-3453-CBD8-0A5865C4D9DF">
<createdBy>david</createdBy>
<createdTime>2020-03-26 11:02:11 UTC</createdTime>
<ownerDesignName>modelo</ownerDesignName>
<engineerTo>
<item key="5DAF1666-3EAC-F592-A934-5C4115082D64" value="true"/>
</engineerTo>
<sourcePk>2E83F516-4F48-968D-68A2-0CFA18EF5D04</sourcePk>
<targetPk>84AEB02A-F5B5-EC5C-A60C-5EFDBFE1126E</targetPk>
<identifying>false</identifying>
<nameOnSource>Organizada por</nameOnSource>
<nameOnTarget>Organiza</nameOnTarget>
<optionalSource>false</optionalSource>
<optionalTarget>true</optionalTarget>
<sourceCardinality>*</sourceCardinality>
<sourceEntity>F380A89B-3894-6D59-8F36-C974FEE6AE33</sourceEntity>
<targetCardinalityString>1</targetCardinalityString>
<targetEntity>D09A45E6-98E9-A0F0-C35E-447C7E915AB3</targetEntity>
<transferable>true</transferable>
<deleteRule>NO ACTION</deleteRule>
</Relation>