<?xml version = '1.0' encoding = 'UTF-8'?>
<Relation class="oracle.dbtools.crest.model.design.logical.Relation" name="ParticipacionProfesores" directorySegmentName="seg_0" id="75809537-5B7E-FA47-BB11-E4D416F959C2">
<createdBy>david</createdBy>
<createdTime>2020-03-26 11:01:19 UTC</createdTime>
<ownerDesignName>modelo</ownerDesignName>
<engineerTo>
<item key="5DAF1666-3EAC-F592-A934-5C4115082D64" value="true"/>
</engineerTo>
<identifying>false</identifying>
<nameOnSource>Participa en</nameOnSource>
<nameOnTarget>Recibe participación de</nameOnTarget>
<optionalSource>true</optionalSource>
<optionalTarget>false</optionalTarget>
<sourceCardinality>*</sourceCardinality>
<sourceEntity>10520C48-B402-D87F-016E-307D4FCF4FF6</sourceEntity>
<targetCardinalityString>*</targetCardinalityString>
<targetEntity>F380A89B-3894-6D59-8F36-C974FEE6AE33</targetEntity>
<transferable>true</transferable>
<deleteRule>NO ACTION</deleteRule>
</Relation>