<?xml version = '1.0' encoding = 'UTF-8'?>
<Relation class="oracle.dbtools.crest.model.design.logical.Relation" name="Relation_4" directorySegmentName="seg_0" id="88FDE4C4-1F17-A2B4-D2EC-9690BE479690">
<createdBy>david</createdBy>
<createdTime>2020-03-26 11:05:16 UTC</createdTime>
<ownerDesignName>DiagramaER_Old</ownerDesignName>
<engineerTo>
<item key="5DAF1666-3EAC-F592-A934-5C4115082D64" value="true"/>
</engineerTo>
<sourcePk>2E83F516-4F48-968D-68A2-0CFA18EF5D04</sourcePk>
<targetPk>538B0DE4-4814-823B-CED5-81A81CC2E5C1</targetPk>
<identifying>false</identifying>
<nameOnSource>Validada por</nameOnSource>
<nameOnTarget>Valida</nameOnTarget>
<optionalSource>false</optionalSource>
<optionalTarget>true</optionalTarget>
<sourceCardinality>*</sourceCardinality>
<sourceEntity>F380A89B-3894-6D59-8F36-C974FEE6AE33</sourceEntity>
<targetCardinalityString>1</targetCardinalityString>
<targetEntity>E6666CDD-A8C9-7920-B3EE-A94134D21CAC</targetEntity>
<transferable>true</transferable>
<deleteRule>NO ACTION</deleteRule>
</Relation>