<?xml version = '1.0' encoding = 'UTF-8'?>
<Relation class="oracle.dbtools.crest.model.design.logical.Relation" name="Relation_19" directorySegmentName="seg_0" id="CFAE623D-482A-4C47-AE97-CDA99D5BDCD4">
<createdBy>david</createdBy>
<createdTime>2020-04-02 18:47:53 UTC</createdTime>
<ownerDesignName>modelo</ownerDesignName>
<engineerTo>
<item key="5DAF1666-3EAC-F592-A934-5C4115082D64" value="true"/>
</engineerTo>
<identifying>false</identifying>
<nameOnSource>Estudia</nameOnSource>
<nameOnTarget>Estudiado por</nameOnTarget>
<optionalSource>true</optionalSource>
<optionalTarget>true</optionalTarget>
<sourceCardinality>*</sourceCardinality>
<sourceEntity>10520C48-B402-D87F-016E-307D4FCF4FF6</sourceEntity>
<targetCardinalityString>*</targetCardinalityString>
<targetEntity>3F206C89-D041-FC05-9F82-B34547E31193</targetEntity>
<transferable>true</transferable>
<deleteRule>NO ACTION</deleteRule>
</Relation>