<?xml version = '1.0' encoding = 'UTF-8'?>
<Relation class="oracle.dbtools.crest.model.design.logical.Relation" name="Relation_7" directorySegmentName="seg_0" id="E6B15E3A-BAD5-AD10-629E-C6F639575862">
<createdBy>david</createdBy>
<createdTime>2020-03-26 12:54:19 UTC</createdTime>
<ownerDesignName>modelo</ownerDesignName>
<engineerTo>
<item key="5DAF1666-3EAC-F592-A934-5C4115082D64" value="true"/>
</engineerTo>
<identifying>false</identifying>
<nameOnSource>Pertence a</nameOnSource>
<nameOnTarget>Conformada por</nameOnTarget>
<optionalSource>false</optionalSource>
<optionalTarget>false</optionalTarget>
<sourceCardinality>*</sourceCardinality>
<sourceEntity>11EC30ED-9ACD-CC16-3600-441313D1DEF8</sourceEntity>
<targetCardinalityString>*</targetCardinalityString>
<targetEntity>D09A45E6-98E9-A0F0-C35E-447C7E915AB3</targetEntity>
<transferable>true</transferable>
<deleteRule>NO ACTION</deleteRule>
</Relation>