<?xml version = '1.0' encoding = 'UTF-8'?>
<InheritanceRelation class="oracle.dbtools.crest.model.design.logical.InheritanceRelation" name="Hierarchy_6" directorySegmentName="seg_0" id="71736DA4-B45F-4143-5906-073902418DA5">
<createdBy>david</createdBy>
<createdTime>2020-03-26 12:53:24 UTC</createdTime>
<ownerDesignName>modelo</ownerDesignName>
<engineerTo>
<item key="5DAF1666-3EAC-F592-A934-5C4115082D64" value="true"/>
</engineerTo>
<identifying>false</identifying>
<nameOnSource>Super Type</nameOnSource>
<nameOnTarget>Sub Type</nameOnTarget>
<optionalSource>true</optionalSource>
<optionalTarget>true</optionalTarget>
<sourceEntity>10520C48-B402-D87F-016E-307D4FCF4FF6</sourceEntity>
<targetEntity>11EC30ED-9ACD-CC16-3600-441313D1DEF8</targetEntity>
<transferable>true</transferable>
<deleteRule>NO ACTION</deleteRule>
</InheritanceRelation>